INSERT INTO "BalanceOperationImpl" ("id", "date", "money", "type") VALUES ('10', '1621893600000', '500.0', 'CREDIT'), ('11', '1621893600000', '-200.0', 'DEBIT'), ('18', '1621893600000', '134.0', 'CREDIT'), ('20', '1621893600000', '0.924', 'CREDIT'), ('22', '1621893600000', '4.62', 'CREDIT'), ('24', '1621893600000', '19.95', 'CREDIT'), ('26', '1621893600000', '10.5', 'CREDIT'), ('28', '1621893600000', '10.5', 'CREDIT'), ('30', '1621893600000', '1.05', 'DEBIT'), ('32', '1621893600000', '1.05', 'DEBIT'), ('34', '1621893600000', '12.6', 'DEBIT'), ('36', '1621893600000', '0.924', 'DEBIT'), ('41', '1621980000000', '-10.56', 'DEBIT'), ('44', '1621980000000', '-92.69', 'DEBIT'), ('49', '1621980000000', '1.848', 'DEBIT'), ('51', '1621980000000', '2.1', 'DEBIT'), ('53', '1621980000000', '4.2', 'CREDIT'), ('55', '1621980000000', '13.65', 'CREDIT'), ('57', '1621980000000', '30.1455', 'CREDIT');

INSERT INTO "CustomerImpl" ("id", "name", "loyaltyCard_id") VALUES ('3', 'Marcello', '4017008113'), ('4', 'Fabiana', NULL), ('5', 'Giovanni', '3055345153'), ('16', 'Simone', '8819278768'), ('17', 'Gianni', NULL), ('45', 'Rachele', '6419247644'), ('46', 'Gennaro', '4635815042'), ('47', 'Ilaria', '8477972267');

INSERT INTO "hibernate_sequence" ("next_val") VALUES ('58');

INSERT INTO "LoyaltyCardImpl" ("id", "points") VALUES ('3055345153', '0'), ('4017008113', '12'), ('4635815042', '30'), ('6419247644', '123'), ('8477972267', '54'), ('8819278768', '24');

INSERT INTO "OrderImpl" ("id", "balanceId", "pricePerUnit", "productCode", "quantity", "status") VALUES ('6', NULL, '0.51', '012345678905', '15', 'ISSUED'), ('7', '11', '10.0', '012345678912', '20', 'PAYED'), ('14', '41', '0.88', '012345678905', '12', 'COMPLETED'), ('15', NULL, '0.99', '012345678905', '2', 'ISSUED'), ('40', NULL, '1.99', '012345678950', '15', 'ISSUED'), ('42', NULL, '5.0', '012345678936', '13', 'ISSUED'), ('43', '44', '2.99', '012345678943', '31', 'PAYED');

INSERT INTO "ProductTypeImpl" ("id", "barcode", "description", "note", "aisleID", "levelID", "rackID", "pricePerUnit", "quantity") VALUES ('1', '012345678905', 'Bread', '', '12', '12', 'a', '1.05', '35'), ('2', '012345678912', 'T-shirt', '', '15', '12', 'b', '12.99', '0'), ('12', '012345678929', 'Glasses', '', NULL, NULL, NULL, '12.69', '0'), ('13', '012345678936', 'Paper', '', NULL, NULL, NULL, '0.99', '0'), ('37', '012345678943', 'Cola', '', NULL, NULL, NULL, '1.99', '0'), ('38', '012345678950', 'Toast', '', NULL, NULL, NULL, '2.89', '0'), ('39', '012345678967', 'Beer', '', NULL, NULL, NULL, '3.19', '0');

INSERT INTO "SaleTransactionImpl" ("DTYPE", "id", "discountRate", "price", "payment_id", "saleTransaction_id") VALUES ('SaleTransactionImpl', '19', '0.12', '0.924', '20', NULL), ('SaleTransactionImpl', '21', '0.0', '6.468', NULL, NULL), ('SaleTransactionImpl', '23', '0.0', '6.3', '24', NULL), ('SaleTransactionImpl', '25', '0.0', '8.4', '26', NULL), ('SaleTransactionImpl', '27', '0.0', '10.5', '28', NULL), ('ReturnTransactionImpl', '29', '0.0', '1.05', '30', '23'), ('ReturnTransactionImpl', '31', '0.0', '1.05', '32', '19'), ('ReturnTransactionImpl', '33', '0.0', '12.6', '34', '23'), ('ReturnTransactionImpl', '35', '0.0', '0.924', '36', '21'), ('ReturnTransactionImpl', '48', '0.0', '1.848', '49', '21'), ('ReturnTransactionImpl', '50', '0.0', '2.1', '51', '25'), ('SaleTransactionImpl', '52', '0.0', '4.2', '53', NULL), ('SaleTransactionImpl', '54', '0.0', '13.65', '55', NULL), ('SaleTransactionImpl', '56', '0.0', '30.1455', '57', NULL);

INSERT INTO "SaleTransactionImpl_entries" ("SaleTransactionImpl_id", "amount", "barcode", "discountRate", "pricePerUnit", "productDescription") VALUES ('27', '10', '012345678905', '0.0', '1.05', ''), ('29', '1', '012345678905', '0.0', '1.05', ''), ('19', '1', '012345678905', '0.0', '1.05', ''), ('31', '1', '012345678905', '0.0', '1.05', ''), ('23', '6', '012345678905', '0.0', '1.05', ''), ('33', '12', '012345678905', '0.0', '1.05', ''), ('35', '1', '012345678905', '0.12', '1.05', ''), ('21', '2', '012345678905', '0.12', '1.05', ''), ('21', '5', '012345678905', '0.12', '1.05', ''), ('48', '2', '012345678905', '0.12', '1.05', ''), ('25', '8', '012345678905', '0.0', '1.05', ''), ('50', '2', '012345678905', '0.0', '1.05', ''), ('52', '4', '012345678905', '0.0', '1.05', ''), ('54', '13', '012345678905', '0.0', '1.05', ''), ('56', '33', '012345678905', '0.13', '1.05', ''), ('56', '33', '012345678905', '0.13', '1.05', '');

INSERT INTO "UserImpl" ("id", "password", "role", "username") VALUES ('1', '$2a$10$qVR41JrVpgNqCysm3QTJneTUz7sZgCzfZCyfSPiIbb6x1DO8mvnJe', 'Administrator', 'Marco'), ('2', '$2a$10$qP93/vZ6ERDLPk0r3pSAsebnVoVJWUCNLBmL2.8U.dCSfbuWxqzMG', 'ShopManager', 'Anna'), ('3', '$2a$10$Mp6s1ENeW9iL2exxzLYJHuRfPmZ5w2B71QWyLYGgFcK.KNUqE0q76', 'Cashier', 'Franco'), ('4', '$2a$10$HKY4oI5Yp.F30mjMWQKVfeeLEs6ExyhWzDryU2CJOJGxQMX4hV24u', 'Cashier', 'Giovanna'), ('5', '$2a$10$tVcWPN/uRFxQ3JEU50/1w.IJG5ozrtTRCTsTQYDuV5x.z4dwVlaqS', 'ShopManager', 'Beatrice'), ('6', '$2a$10$2MPtZZj6gEiYbc5QVNYJ1.uysv26Zk/h56yyz.7ukbU.Ghn36fPMW', 'Cashier', 'Paolo'), ('8', '$2a$10$kyMfLxj5wlKCoXlS1it5juMY0KR91Qmy6EzXZ07QMo12a23LbvHc6', 'Cashier', 'Michela'), ('9', '$2a$10$qDuNCAXXQTSaSsKBBaeXn.1elBnY2mzYl85hCLcrPJh6ymMFdwwgG', 'ShopManager', 'Francesca'), ('10', '$2a$10$ueSB.XZI2fgL4xrZDq/SkuzfbpmPtYMo8W1cCX5OqCNKl0rW2Vb8q', 'Administrator', 'Filippo');

